{"1": {"error": 5.585886563460063, "elapsed_time": 6.031193017959595}, "2": {"error": 0.9809730930517931, "elapsed_time": 6.001409530639648}, "3": {"error": 0.6253639195940106, "elapsed_time": 5.985218286514282}, "4": {"error": 0.5714877397538325, "elapsed_time": 6.002406358718872}, "5": {"error": 0.600325931080704, "elapsed_time": 6.003612995147705}, "6": {"error": 0.731615743171709, "elapsed_time": 6.037067413330078}}