{"1": {"error": 12.896353723358754, "elapsed_time": 4.02949333190918}, "2": {"error": 8.941363035594376, "elapsed_time": 4.021851539611816}, "3": {"error": 0.656882665508681, "elapsed_time": 4.097635746002197}, "4": {"error": 0.41368494118135024, "elapsed_time": 4.089740037918091}}