{"1": {"error": 0.5585886563460063, "elapsed_time": 5.755399465560913}, "2": {"error": 0.09809730930517932, "elapsed_time": 5.754578351974487}, "3": {"error": 0.06253639195940106, "elapsed_time": 5.771188497543335}, "4": {"error": 0.05714877397538324, "elapsed_time": 5.774019241333008}, "5": {"error": 0.060032593108070395, "elapsed_time": 5.760154724121094}, "6": {"error": 0.07316157431717088, "elapsed_time": 5.7556328773498535}}