{"error": 3.5758249677187366, "elapsed_time": 1.18534517288208}