{"error": 12.916508917698133, "elapsed_time": 3.8399057388305664}