{"1": {"error": 5.585886563460063, "elapsed_time": 5.8125693798065186}, "2": {"error": 0.9809730930517931, "elapsed_time": 5.8466033935546875}, "3": {"error": 0.6253639195940106, "elapsed_time": 5.827844858169556}, "4": {"error": 0.5714877397538325, "elapsed_time": 5.834995985031128}, "5": {"error": 0.600325931080704, "elapsed_time": 5.834912300109863}, "6": {"error": 0.731615743171709, "elapsed_time": 5.861141920089722}}