{"1": {"error": 0.5585886563460063, "elapsed_time": 2.573192596435547}, "2": {"error": 0.09809730930517932, "elapsed_time": 2.576456308364868}, "3": {"error": 0.06253639195940106, "elapsed_time": 2.5651116371154785}, "4": {"error": 0.05714877397538324, "elapsed_time": 2.571657419204712}, "5": {"error": 0.060032593108070395, "elapsed_time": 2.5750176906585693}, "6": {"error": 0.07316157431717088, "elapsed_time": 2.5828254222869873}}