{"1": {"error": 1.291650891769813, "elapsed_time": 1.2970788478851318}, "2": {"error": 0.9336415401000048, "elapsed_time": 1.3030455112457275}, "3": {"error": 0.06519884826595204, "elapsed_time": 1.3324670791625977}, "4": {"error": 0.054371669201259167, "elapsed_time": 1.3293969631195068}}