{"error": 35.758249677187365, "elapsed_time": 3.8396337032318115}