{"1": {"error": 12.916508917698133, "elapsed_time": 4.071134328842163}, "2": {"error": 9.336415401000048, "elapsed_time": 4.004085540771484}, "3": {"error": 0.6519884826595204, "elapsed_time": 4.042296648025513}, "4": {"error": 0.5437166920125917, "elapsed_time": 4.039931535720825}}