{"error": 3.5758249677187366, "elapsed_time": 3.767476797103882}