{"1": {"error": 1.291650891769813, "elapsed_time": 4.366024017333984}, "2": {"error": 0.9336415401000048, "elapsed_time": 4.385162115097046}, "3": {"error": 0.06519884826595204, "elapsed_time": 4.433712482452393}, "4": {"error": 0.054371669201259167, "elapsed_time": 4.440925121307373}}